<DATE>,<TIME>,<OPEN>,<HIGH>,<LOW>,<CLOSE>,<VOL>
20080101,00:00:00,1474.7500000,1475.5000000,1471.0000000,1474.7500000,69231
20080102,00:00:00,1478.5000000,1482.7500000,1449.0000000,1455.0000000,848916
20080103,00:00:00,1455.0000000,1464.7500000,1451.0000000,1454.0000000,856981
20080104,00:00:00,1454.2500000,1463.2500000,1418.0000000,1418.2500000,1254949
20080105,00:00:00,1418.0000000,1423.2500000,1417.5000000,1422.5000000,113628
20080107,00:00:00,1422.2500000,1432.2500000,1410.0000000,1420.0000000,472697
20080109,00:00:00,1404.0000000,1416.5000000,1385.0000000,1416.2500000,1401995
20080110,00:00:00,1416.2500000,1436.2500000,1401.5000000,1426.0000000,1287527
20080111,00:00:00,1425.7500000,1426.7500000,1400.2500000,1407.2500000,1255850
20080112,00:00:00,1407.5000000,1409.7500000,1407.2500000,1408.5000000,80028
20080114,00:00:00,1410.0000000,1433.0000000,1358.0000000,1422.0000000,911777
20080115,00:00:00,1422.0000000,1422.5000000,1385.5000000,1386.0000000,1268648
20080116,00:00:00,1386.0000000,1397.5000000,1368.7500000,1377.5000000,1545809
20080117,00:00:00,1377.5000000,1389.2500000,1334.0000000,1337.2500000,1631663
20080118,00:00:00,1337.2500000,1360.5000000,1315.7500000,1329.7500000,1622787
20080119,00:00:00,1329.7500000,1331.0000000,1324.5000000,1325.2500000,112448
20080121,00:00:00,1327.7500000,1331.5000000,1256.2500000,1265.5000000,506616
20080122,00:00:00,1265.0000000,1324.7500000,1255.5000000,1313.7500000,1828403
20080123,00:00:00,1313.7500000,1341.7500000,1261.0000000,1341.0000000,1970245
20080124,00:00:00,1341.0000000,1357.2500000,1333.2500000,1352.5000000,1310432
20080125,00:00:00,1352.5000000,1370.7500000,1328.2500000,1332.2500000,1345855
20080126,00:00:00,1332.5000000,1335.5000000,1331.5000000,1333.7500000,81969
20080128,00:00:00,1336.0000000,1356.2500000,1310.2500000,1356.0000000,1025808
20080129,00:00:00,1356.0000000,1366.7500000,1350.2500000,1363.0000000,954852
20080130,00:00:00,1362.7500000,1387.5000000,1353.0000000,1355.2500000,1159296
20080131,00:00:00,1355.2500000,1387.2500000,1331.5000000,1375.2500000,1573192
20080201,00:00:00,1375.2500000,1398.0000000,1361.0000000,1396.0000000,1217817
20080202,00:00:00,1396.2500000,1397.5000000,1395.2500000,1397.0000000,70419
20080204,00:00:00,1397.0000000,1400.0000000,1380.2500000,1381.5000000,656290
20080205,00:00:00,1381.5000000,1383.2500000,1337.5000000,1338.0000000,1245691
20080206,00:00:00,1337.7500000,1353.2500000,1324.7500000,1327.7500000,1169122
20080207,00:00:00,1327.7500000,1348.5000000,1312.7500000,1338.2500000,1485315
20080208,00:00:00,1338.0000000,1343.7500000,1321.0000000,1331.5000000,946756
20080209,00:00:00,1331.5000000,1332.0000000,1329.2500000,1330.7500000,55893
20080211,00:00:00,1329.5000000,1342.5000000,1320.2500000,1339.2500000,894886
20080212,00:00:00,1339.0000000,1363.5000000,1332.7500000,1349.2500000,1313976
20080213,00:00:00,1349.5000000,1370.5000000,1343.5000000,1366.7500000,1075281
20080214,00:00:00,1366.7500000,1371.5000000,1347.2500000,1349.5000000,1185072
20080215,00:00:00,1349.5000000,1357.2500000,1337.0000000,1350.2500000,959250
20080216,00:00:00,1350.0000000,1351.7500000,1349.7500000,1351.2500000,64338
20080218,00:00:00,1350.0000000,1368.5000000,1346.5000000,1368.0000000,126182
20080219,00:00:00,1366.0000000,1369.7500000,1345.2500000,1349.7500000,908393
20080220,00:00:00,1349.5000000,1364.7500000,1332.7500000,1360.5000000,1097478
20080221,00:00:00,1360.2500000,1369.2500000,1339.2500000,1343.7500000,1047618
20080222,00:00:00,1343.7500000,1355.7500000,1327.0000000,1355.5000000,915049
20080223,00:00:00,1356.0000000,1357.5000000,1353.2500000,1355.7500000,88375
20080225,00:00:00,1359.2500000,1375.5000000,1346.2500000,1372.0000000,757246
20080226,00:00:00,1372.0000000,1388.5000000,1363.7500000,1382.0000000,939175
20080227,00:00:00,1382.0000000,1389.7500000,1371.0000000,1380.0000000,879167
20080228,00:00:00,1380.0000000,1381.5000000,1363.5000000,1368.0000000,891805
20080229,00:00:00,1368.0000000,1369.2500000,1325.2500000,1331.5000000,1068337
20080301,00:00:00,1331.5000000,1336.2500000,1331.5000000,1335.2500000,126304
20080303,00:00:00,1329.2500000,1335.7500000,1320.0000000,1332.0000000,846998
20080304,00:00:00,1331.7500000,1337.5000000,1307.0000000,1326.7500000,1063204
20080305,00:00:00,1326.5000000,1344.7500000,1320.5000000,1334.2500000,978954
20080306,00:00:00,1334.5000000,1343.0000000,1303.5000000,1305.2500000,1056855
20080307,00:00:00,1305.2500000,1318.5000000,1282.2500000,1293.7500000,1457926
20080308,00:00:00,1294.0000000,1295.0000000,1292.0000000,1292.7500000,71466
20080310,00:00:00,1291.7500000,1299.5000000,1272.2500000,1274.0000000,1027250
20080311,00:00:00,1274.0000000,1326.5000000,1273.2500000,1326.2500000,1450425
20080312,00:00:00,1326.2500000,1334.2500000,1308.0000000,1312.2500000,1038821
20080313,00:00:00,1312.2500000,1324.5000000,1284.0000000,1314.0000000,773972
20080314,00:00:00,1314.0000000,1336.0000000,1275.5000000,1292.5000000,1249864
20080317,00:00:00,1289.2500000,1314.0000000,1253.0000000,1279.2500000,1305106
20080318,00:00:00,1279.2500000,1334.5000000,1278.7500000,1333.2500000,1146140
20080319,00:00:00,1333.2500000,1343.7500000,1296.7500000,1297.7500000,1183721
20080320,00:00:00,1297.5000000,1332.5000000,1286.5000000,1325.0000000,1024849
20080324,00:00:00,1326.0000000,1361.5000000,1325.2500000,1351.0000000,708401
20080325,00:00:00,1351.0000000,1359.5000000,1342.0000000,1350.7500000,851264
20080326,00:00:00,1350.7500000,1351.0000000,1334.0000000,1336.0000000,825752
20080327,00:00:00,1336.0000000,1348.0000000,1326.5000000,1331.7500000,921557
20080328,00:00:00,1331.7500000,1340.5000000,1314.2500000,1318.5000000,767309
20080331,00:00:00,1319.0000000,1330.5000000,1309.5000000,1322.7500000,676314
20080401,00:00:00,1323.0000000,1372.0000000,1315.7500000,1371.7500000,887762
20080402,00:00:00,1371.7500000,1380.0000000,1363.0000000,1369.5000000,889290
20080403,00:00:00,1369.2500000,1377.7500000,1359.5000000,1371.2500000,764041
20080404,00:00:00,1370.5000000,1388.0000000,1364.2500000,1372.7500000,972969
20080405,00:00:00,1372.7500000,1373.0000000,1371.0000000,1372.0000000,54290
20080407,00:00:00,1372.7500000,1389.0000000,1369.7500000,1374.2500000,721340
20080408,00:00:00,1374.2500000,1375.5000000,1362.2500000,1367.7500000,749502
20080409,00:00:00,1367.5000000,1377.5000000,1351.2500000,1356.2500000,889549
20080410,00:00:00,1356.7500000,1369.2500000,1351.2500000,1361.5000000,817108
20080411,00:00:00,1361.5000000,1369.0000000,1331.7500000,1334.7500000,1064075
20080412,00:00:00,1334.5000000,1336.0000000,1334.2500000,1335.5000000,78903
20080414,00:00:00,1335.2500000,1337.2500000,1325.7500000,1330.0000000,830261
20080415,00:00:00,1329.7500000,1338.7500000,1325.0000000,1337.2500000,988968
20080416,00:00:00,1337.2500000,1367.2500000,1334.7500000,1364.5000000,1095998
20080417,00:00:00,1364.5000000,1372.2500000,1358.5000000,1366.7500000,1016915
20080418,00:00:00,1366.7500000,1398.2500000,1365.0000000,1392.7500000,1063735
20080419,00:00:00,1392.5000000,1392.7500000,1387.0000000,1387.2500000,90085
20080421,00:00:00,1389.0000000,1394.0000000,1380.7500000,1389.7500000,661634
20080422,00:00:00,1389.7500000,1390.7500000,1370.7500000,1378.7500000,877375
20080423,00:00:00,1378.7500000,1389.7500000,1372.7500000,1381.0000000,962741
20080424,00:00:00,1381.0000000,1399.2500000,1368.0000000,1389.2500000,1020371
20080425,00:00:00,1389.2500000,1400.7500000,1380.5000000,1400.0000000,841193
20080426,00:00:00,1400.0000000,1400.2500000,1396.5000000,1397.5000000,69539
20080428,00:00:00,1398.7500000,1404.7500000,1393.5000000,1401.0000000,408679
20080429,00:00:00,1396.2500000,1398.2500000,1387.0000000,1392.0000000,680684
20080430,00:00:00,1392.0000000,1407.0000000,1384.0000000,1384.5000000,833323
20080501,00:00:00,1384.5000000,1411.2500000,1382.2500000,1409.7500000,912896
20080502,00:00:00,1409.7500000,1427.0000000,1406.2500000,1413.7500000,1047788
20080503,00:00:00,1414.0000000,1417.2500000,1413.7500000,1416.2500000,58100
20080505,00:00:00,1413.2500000,1416.2500000,1400.7500000,1407.2500000,596475
20080506,00:00:00,1407.2500000,1422.2500000,1397.0000000,1418.7500000,950080
20080507,00:00:00,1418.7500000,1424.0000000,1390.5000000,1392.2500000,930486
20080508,00:00:00,1392.5000000,1403.0000000,1389.5000000,1397.7500000,843383
20080509,00:00:00,1398.0000000,1398.2500000,1381.7500000,1388.7500000,855626
20080510,00:00:00,1388.5000000,1391.2500000,1387.5000000,1389.0000000,80926
20080512,00:00:00,1387.7500000,1404.7500000,1386.2500000,1404.2500000,754019
20080513,00:00:00,1404.5000000,1410.7500000,1396.7500000,1403.2500000,796087
20080514,00:00:00,1403.2500000,1421.5000000,1398.7500000,1408.5000000,915176
20080515,00:00:00,1408.5000000,1425.5000000,1405.0000000,1424.2500000,901824
20080516,00:00:00,1424.2500000,1429.5000000,1414.7500000,1425.2500000,909794
20080517,00:00:00,1425.5000000,1426.5000000,1425.0000000,1425.7500000,61975
20080519,00:00:00,1425.2500000,1441.0000000,1422.0000000,1427.0000000,745391
20080520,00:00:00,1427.0000000,1430.2500000,1409.0000000,1414.5000000,869411
20080521,00:00:00,1414.5000000,1421.0000000,1388.0000000,1390.5000000,955240
20080522,00:00:00,1390.7500000,1399.7500000,1390.0000000,1394.0000000,853773
20080523,00:00:00,1394.0000000,1395.0000000,1373.5000000,1375.7500000,642496
20080524,00:00:00,1376.0000000,1376.5000000,1372.7500000,1374.0000000,81431
20080526,00:00:00,1374.2500000,1377.5000000,1372.5000000,1374.7500000,25543
20080527,00:00:00,1375.0000000,1387.7500000,1370.5000000,1385.2500000,707332
20080528,00:00:00,1385.2500000,1393.2500000,1377.7500000,1391.5000000,831250
20080529,00:00:00,1391.2500000,1407.0000000,1386.7500000,1398.5000000,757510
20080530,00:00:00,1398.2500000,1405.0000000,1395.0000000,1398.5000000,630793
20080531,00:00:00,1398.5000000,1401.0000000,1398.0000000,1400.7500000,84512
20080602,00:00:00,1401.0000000,1401.0000000,1377.5000000,1385.5000000,704320
20080603,00:00:00,1385.5000000,1393.5000000,1369.5000000,1377.5000000,879766
20080604,00:00:00,1377.5000000,1388.5000000,1371.0000000,1377.7500000,862383
20080605,00:00:00,1378.0000000,1405.2500000,1375.5000000,1403.7500000,860716
20080606,00:00:00,1403.7500000,1411.0000000,1359.5000000,1360.0000000,947716
20080607,00:00:00,1360.0000000,1361.0000000,1358.5000000,1359.2500000,124841
20080609,00:00:00,1358.7500000,1371.5000000,1350.5000000,1362.5000000,786684
20080610,00:00:00,1362.2500000,1367.2500000,1347.2500000,1357.7500000,805956
20080611,00:00:00,1357.5000000,1363.5000000,1335.0000000,1335.2500000,805146
20080612,00:00:00,1335.2500000,1355.5000000,1333.2500000,1342.5000000,495417
20080613,00:00:00,1342.5000000,1362.5000000,1339.0000000,1362.2500000,715413
20080614,00:00:00,1362.0000000,1363.5000000,1357.5000000,1359.2500000,108494
20080616,00:00:00,1358.7500000,1367.2500000,1351.5000000,1361.7500000,595649
20080617,00:00:00,1361.7500000,1372.0000000,1352.2500000,1352.7500000,794175
20080618,00:00:00,1352.5000000,1355.5000000,1334.5000000,1340.2500000,800899
20080619,00:00:00,1340.5000000,1349.7500000,1332.2500000,1344.7500000,756604
20080620,00:00:00,1344.7500000,1345.0000000,1315.2500000,1319.0000000,891610
20080621,00:00:00,1319.0000000,1320.2500000,1318.0000000,1318.5000000,96163
20080623,00:00:00,1320.7500000,1327.7500000,1316.5000000,1320.0000000,591772
20080624,00:00:00,1320.0000000,1327.7500000,1305.2500000,1316.0000000,834396
20080625,00:00:00,1316.0000000,1337.5000000,1314.2500000,1323.7500000,629858
20080626,00:00:00,1323.7500000,1325.0000000,1284.2500000,1284.2500000,999740
20080627,00:00:00,1284.2500000,1291.7500000,1273.0000000,1280.2500000,952307
20080628,00:00:00,1280.2500000,1282.2500000,1279.5000000,1280.2500000,93913
20080630,00:00:00,1281.5000000,1292.0000000,1275.2500000,1280.2500000,809634
20080701,00:00:00,1279.7500000,1286.5000000,1261.0000000,1285.7500000,1064875
20080702,00:00:00,1285.5000000,1294.7500000,1261.7500000,1262.0000000,920227
20080703,00:00:00,1261.7500000,1273.7500000,1251.7500000,1265.5000000,765240
20080704,00:00:00,1265.5000000,1269.2500000,1256.5000000,1256.7500000,55220
20080707,00:00:00,1258.7500000,1275.0000000,1240.7500000,1242.0000000,512126
20080708,00:00:00,1244.0000000,1275.7500000,1236.5000000,1274.7500000,843384
20080709,00:00:00,1274.7500000,1278.7500000,1245.0000000,1245.0000000,872388
20080710,00:00:00,1245.0000000,1259.2500000,1237.0000000,1254.5000000,1003859
20080711,00:00:00,1254.5000000,1261.7500000,1225.5000000,1241.0000000,956292
20080712,00:00:00,1241.0000000,1242.0000000,1239.5000000,1239.7500000,75504
20080714,00:00:00,1240.2500000,1260.5000000,1224.7500000,1228.7500000,838270
20080715,00:00:00,1228.5000000,1235.5000000,1200.7500000,1215.2500000,986366
20080716,00:00:00,1215.0000000,1246.2500000,1202.5000000,1245.5000000,1070903
20080717,00:00:00,1245.0000000,1263.0000000,1238.0000000,1259.2500000,908865
20080718,00:00:00,1259.5000000,1263.0000000,1241.0000000,1260.0000000,922625
20080719,00:00:00,1260.0000000,1260.7500000,1258.0000000,1260.5000000,76054
20080721,00:00:00,1259.2500000,1269.0000000,1255.2500000,1259.7500000,580548
20080722,00:00:00,1259.5000000,1278.0000000,1247.2500000,1277.0000000,734780
20080723,00:00:00,1276.7500000,1291.0000000,1272.7500000,1282.2500000,729874
20080724,00:00:00,1281.7500000,1285.0000000,1251.0000000,1253.5000000,739486
20080725,00:00:00,1253.5000000,1262.7500000,1249.2500000,1256.7500000,687018
20080726,00:00:00,1256.7500000,1257.0000000,1253.0000000,1253.7500000,57744
20080728,00:00:00,1255.2500000,1260.0000000,1233.0000000,1234.2500000,564626
20080729,00:00:00,1234.0000000,1257.0000000,1231.5000000,1255.0000000,582070
20080730,00:00:00,1262.7500000,1280.5000000,1259.7500000,1272.2500000,410092
20080731,00:00:00,1281.7500000,1290.0000000,1265.0000000,1266.7500000,836609
20080801,00:00:00,1266.5000000,1275.0000000,1253.2500000,1259.5000000,781525
20080802,00:00:00,1259.5000000,1261.0000000,1258.0000000,1259.5000000,67726
20080804,00:00:00,1256.7500000,1260.0000000,1246.2500000,1247.7500000,510172
20080805,00:00:00,1247.7500000,1283.5000000,1247.2500000,1283.0000000,717641
20080806,00:00:00,1283.2500000,1291.5000000,1275.2500000,1289.0000000,778628
20080807,00:00:00,1289.2500000,1289.5000000,1263.5000000,1266.5000000,628584
20080808,00:00:00,1266.7500000,1298.0000000,1262.0000000,1295.0000000,693742
20080809,00:00:00,1295.0000000,1295.2500000,1292.2500000,1292.5000000,93374
20080811,00:00:00,1291.7500000,1313.5000000,1288.0000000,1305.0000000,507996
20080812,00:00:00,1304.7500000,1307.7500000,1285.2500000,1290.5000000,555530
20080813,00:00:00,1290.7500000,1294.2500000,1274.5000000,1289.0000000,595485
20080814,00:00:00,1285.0000000,1300.5000000,1275.2500000,1293.0000000,595692
20080815,00:00:00,1293.0000000,1302.5000000,1290.7500000,1298.2500000,563782
20080816,00:00:00,1298.2500000,1300.5000000,1298.0000000,1299.7500000,78053
20080818,00:00:00,1299.7500000,1306.0000000,1274.0000000,1280.0000000,544255
20080819,00:00:00,1280.0000000,1283.0000000,1262.7500000,1267.5000000,623052
20080820,00:00:00,1267.2500000,1276.7500000,1260.5000000,1274.5000000,580406
20080821,00:00:00,1274.7500000,1281.7500000,1263.5000000,1277.5000000,560952
20080822,00:00:00,1277.7500000,1294.0000000,1271.5000000,1292.5000000,563862
20080823,00:00:00,1292.5000000,1293.0000000,1291.5000000,1292.2500000,60213
20080825,00:00:00,1291.2500000,1292.2500000,1264.5000000,1267.7500000,518282
20080826,00:00:00,1267.5000000,1275.7500000,1262.5000000,1271.2500000,556726
20080827,00:00:00,1271.2500000,1285.2500000,1265.5000000,1281.5000000,536692
20080828,00:00:00,1281.0000000,1300.0000000,1275.5000000,1299.5000000,553014
20080829,00:00:00,1299.5000000,1299.7500000,1282.5000000,1283.2500000,550705
20080830,00:00:00,1283.5000000,1284.0000000,1281.5000000,1283.5000000,83881
20080901,00:00:00,1281.7500000,1285.0000000,1276.7500000,1282.7500000,71062
20080902,00:00:00,1284.2500000,1303.5000000,1271.5000000,1277.5000000,569992
20080903,00:00:00,1277.5000000,1281.0000000,1265.2500000,1275.2500000,594055
20080904,00:00:00,1275.5000000,1277.0000000,1235.7500000,1236.2500000,682280
20080905,00:00:00,1236.2500000,1245.2500000,1216.7500000,1242.2500000,906668
20080906,00:00:00,1242.2500000,1243.0000000,1240.2500000,1240.2500000,94960
20080908,00:00:00,1264.0000000,1282.0000000,1247.0000000,1268.5000000,830613
20080909,00:00:00,1268.2500000,1275.0000000,1224.7500000,1225.0000000,741769
20080910,00:00:00,1225.0000000,1244.5000000,1220.2500000,1231.5000000,1017994
20080911,00:00:00,1231.7500000,1252.0000000,1212.2500000,1251.7500000,364019
20080912,00:00:00,1251.5000000,1256.5000000,1234.5000000,1254.0000000,531705
20080913,00:00:00,1254.0000000,1259.2500000,1253.2500000,1258.7500000,118676
20080915,00:00:00,1234.7500000,1239.0000000,1197.5000000,1199.7500000,883529
20080916,00:00:00,1199.7500000,1217.2500000,1163.0000000,1216.0000000,1072770
20080917,00:00:00,1215.5000000,1229.5000000,1157.0000000,1158.0000000,1127639
20080918,00:00:00,1158.7500000,1215.5000000,1136.5000000,1205.0000000,687403
20080919,00:00:00,1205.2500000,1281.7500000,1202.0000000,1252.7500000,1231157
20080920,00:00:00,1253.7500000,1253.7500000,1243.2500000,1246.7500000,163678
20080922,00:00:00,1243.7500000,1250.0000000,1205.2500000,1208.5000000,750607
20080923,00:00:00,1208.5000000,1222.5000000,1186.7500000,1188.2500000,756837
20080924,00:00:00,1188.5000000,1210.2500000,1180.2500000,1190.7500000,796222
20080925,00:00:00,1190.5000000,1224.7500000,1186.0000000,1215.7500000,800969
20080926,00:00:00,1216.0000000,1221.2500000,1184.7500000,1220.0000000,798919
20080927,00:00:00,1219.7500000,1220.0000000,1214.0000000,1214.7500000,79864
20080929,00:00:00,1219.7500000,1221.2500000,1113.7500000,1131.7500000,803646
20080930,00:00:00,1131.7500000,1175.5000000,1112.0000000,1174.5000000,1124598
20081001,00:00:00,1175.0000000,1175.0000000,1143.7500000,1165.5000000,751830
20081002,00:00:00,1166.2500000,1174.0000000,1115.2500000,1118.7500000,733268
20081003,00:00:00,1118.7500000,1160.7500000,1102.7500000,1105.2500000,739564
20081004,00:00:00,1105.5000000,1111.0000000,1105.0000000,1109.0000000,99969
20081006,00:00:00,1103.5000000,1104.0000000,1009.0000000,1066.7500000,838233
20081007,00:00:00,1067.2500000,1077.7500000,999.7500000,1001.2500000,971272
20081008,00:00:00,1001.0000000,1045.0000000,963.0000000,986.5000000,1382856
20081009,00:00:00,986.2500000,1010.0000000,912.2500000,920.7500000,777867
20081010,00:00:00,920.5000000,943.0000000,837.5000000,908.5000000,1236937
20081011,00:00:00,907.7500000,909.2500000,885.2500000,888.7500000,138073
20081013,00:00:00,909.5000000,1011.5000000,909.2500000,1011.0000000,793455
20081014,00:00:00,1011.0000000,1067.0000000,974.5000000,1001.5000000,1148667
20081015,00:00:00,1002.0000000,1008.5000000,906.0000000,908.0000000,762233
20081016,00:00:00,908.0000000,950.0000000,865.5000000,946.0000000,1094393
20081017,00:00:00,946.0000000,987.5000000,908.0000000,940.5000000,975991
20081018,00:00:00,940.5000000,944.0000000,931.7500000,933.2500000,117580
20081020,00:00:00,937.5000000,986.5000000,925.5000000,985.7500000,564079
20081021,00:00:00,985.7500000,992.7500000,951.0000000,953.7500000,771415
20081022,00:00:00,953.5000000,969.2500000,872.5000000,899.5000000,779608
20081023,00:00:00,899.2500000,923.0000000,856.0000000,909.2500000,870886
20081024,00:00:00,908.7500000,917.2500000,841.5000000,872.5000000,615898
20081025,00:00:00,872.7500000,873.7500000,862.2500000,868.0000000,154035
20081027,00:00:00,864.5000000,893.7500000,826.2500000,837.5000000,691494
20081028,00:00:00,837.5000000,942.7500000,827.2500000,933.2500000,888526
20081029,00:00:00,933.2500000,970.7500000,914.2500000,932.2500000,775788
20081030,00:00:00,932.0000000,968.5000000,926.7500000,958.5000000,682765
20081031,00:00:00,958.2500000,984.0000000,940.0000000,966.5000000,659307
20081103,00:00:00,966.0000000,979.7500000,957.0000000,964.7500000,417480
20081104,00:00:00,964.2500000,1006.7500000,963.5000000,1003.0000000,614348
20081105,00:00:00,1003.0000000,1008.5000000,947.2500000,950.7500000,1132149
20081106,00:00:00,951.0000000,958.7500000,897.0000000,903.2500000,1221334
20081107,00:00:00,903.2500000,931.0000000,900.0000000,929.5000000,1274444
20081108,00:00:00,929.0000000,937.5000000,928.2500000,937.2500000,125132
20081110,00:00:00,941.2500000,962.5000000,905.5000000,919.0000000,989005
20081111,00:00:00,918.7500000,927.2500000,883.0000000,897.2500000,1060994
20081112,00:00:00,897.5000000,911.0000000,848.5000000,852.2500000,1221764
20081113,00:00:00,852.2500000,913.7500000,817.0000000,912.2500000,1219176
20081114,00:00:00,912.0000000,917.7500000,868.0000000,871.0000000,1227576
20081115,00:00:00,871.2500000,872.2500000,860.2500000,860.5000000,189864
20081117,00:00:00,862.2500000,881.7500000,847.2500000,848.7500000,1015075
20081118,00:00:00,848.7500000,866.0000000,824.7500000,857.5000000,1166967
20081119,00:00:00,857.7500000,869.0000000,804.5000000,807.2500000,1171343
20081120,00:00:00,807.2500000,820.7500000,745.7500000,753.0000000,1223745
20081121,00:00:00,753.0000000,801.5000000,739.0000000,799.2500000,1224809
20081122,00:00:00,799.2500000,802.2500000,789.5000000,791.0000000,215537
20081124,00:00:00,801.0000000,866.2500000,783.2500000,846.0000000,1041577
20081125,00:00:00,845.7500000,874.0000000,833.5000000,856.0000000,1281841
20081126,00:00:00,856.2500000,887.2500000,829.5000000,886.2500000,964025
20081127,00:00:00,886.5000000,889.7500000,875.0000000,889.2500000,195357
20081128,00:00:00,889.2500000,897.0000000,876.2500000,894.7500000,474639
20081201,00:00:00,897.2500000,897.5000000,814.2500000,815.7500000,961133
20081202,00:00:00,816.0000000,850.5000000,813.0000000,849.2500000,1348616
20081203,00:00:00,849.5000000,873.5000000,826.0000000,870.2500000,1124915
20081204,00:00:00,870.7500000,875.5000000,832.0000000,844.0000000,976533
20081205,00:00:00,844.2500000,879.5000000,817.0000000,876.0000000,1080094
20081206,00:00:00,876.0000000,876.0000000,871.2500000,871.7500000,92430
20081208,00:00:00,872.2500000,919.0000000,867.5000000,907.7500000,946764
20081209,00:00:00,907.7500000,916.2500000,884.5000000,888.5000000,1043170
20081210,00:00:00,888.5000000,908.7500000,884.5000000,898.0000000,876959
20081211,00:00:00,898.2500000,904.5000000,867.7500000,873.7500000,515953
20081212,00:00:00,874.0000000,883.0000000,828.7500000,879.5000000,1068335
20081213,00:00:00,879.5000000,886.5000000,878.0000000,885.2500000,89227
20081215,00:00:00,883.5000000,893.0000000,856.5000000,869.2500000,719653
20081216,00:00:00,869.0000000,914.7500000,868.5000000,913.0000000,770914
20081217,00:00:00,913.0000000,918.2500000,886.7500000,902.2500000,938161
20081218,00:00:00,902.0000000,911.5000000,873.5000000,883.0000000,802494
20081219,00:00:00,883.0000000,903.2500000,880.0000000,883.0000000,916406
20081220,00:00:00,883.0000000,883.7500000,876.5000000,881.2500000,87933
20081222,00:00:00,884.2500000,891.5000000,852.7500000,868.5000000,602208
20081223,00:00:00,868.5000000,878.0000000,855.7500000,859.2500000,634524
20081224,00:00:00,859.2500000,866.5000000,855.2500000,864.7500000,240620
20081226,00:00:00,866.5000000,871.7500000,863.0000000,869.0000000,155737
20081227,00:00:00,869.0000000,870.0000000,867.5000000,869.7500000,20668
20081229,00:00:00,869.0000000,873.5000000,853.2500000,866.2500000,398469
20081230,00:00:00,866.2500000,888.2500000,866.0000000,887.0000000,532993
20081231,00:00:00,886.7500000,908.0000000,886.2500000,901.5000000,541164
20090101,00:00:00,902.0000000,902.2500000,891.0000000,892.0000000,103779
20090102,00:00:00,900.0000000,932.7500000,896.5000000,927.7500000,634011
20090103,00:00:00,928.0000000,928.5000000,925.0000000,926.0000000,60972
20090105,00:00:00,924.7500000,934.2500000,916.5000000,925.0000000,730908
20090106,00:00:00,925.2500000,942.2500000,923.5000000,931.2500000,791715
20090107,00:00:00,931.5000000,933.5000000,898.7500000,904.0000000,980412
20090108,00:00:00,904.2500000,907.5000000,891.5000000,906.7500000,802722
20090109,00:00:00,906.7500000,914.7500000,884.2500000,886.2500000,1051267
20090110,00:00:00,886.0000000,886.5000000,882.7500000,885.2500000,48755
20090112,00:00:00,885.0000000,885.5000000,860.2500000,865.7500000,589181
20090113,00:00:00,866.2500000,874.0000000,857.0000000,867.0000000,838138
20090114,00:00:00,867.2500000,875.0000000,832.5000000,839.0000000,805145
20090115,00:00:00,839.2500000,848.5000000,813.0000000,835.2500000,907807
20090116,00:00:00,840.5000000,857.7500000,826.5000000,845.2500000,881442
20090117,00:00:00,845.7500000,849.5000000,845.7500000,849.2500000,85021
20090119,00:00:00,851.7500000,865.7500000,834.5000000,840.0000000,173558
20090120,00:00:00,839.7500000,847.2500000,800.2500000,802.0000000,699297
20090121,00:00:00,802.0000000,838.5000000,797.5000000,836.0000000,896949
20090122,00:00:00,836.7500000,844.0000000,807.5000000,824.0000000,873361
20090123,00:00:00,823.5000000,836.0000000,799.5000000,827.2500000,838549
20090124,00:00:00,827.2500000,827.5000000,823.0000000,823.5000000,76028
20090126,00:00:00,823.5000000,849.5000000,810.7500000,832.7500000,690071
20090127,00:00:00,833.0000000,847.5000000,830.2500000,841.7500000,729079
20090128,00:00:00,841.5000000,876.0000000,837.7500000,870.0000000,855254
20090129,00:00:00,870.0000000,872.5000000,840.2500000,841.5000000,864552
20090130,00:00:00,841.5000000,849.0000000,817.5000000,822.0000000,937535
20090131,00:00:00,825.0000000,826.5000000,823.7500000,825.7500000,31597
20090202,00:00:00,823.7500000,827.5000000,806.2500000,821.7500000,809036
20090203,00:00:00,821.5000000,839.7500000,816.0000000,834.5000000,818604
20090204,00:00:00,834.0000000,849.2500000,826.0000000,828.7500000,840865
20090205,00:00:00,828.5000000,848.7500000,816.7500000,842.5000000,606149
20090206,00:00:00,842.0000000,869.2500000,836.7500000,865.5000000,826207
20090207,00:00:00,865.2500000,868.5000000,864.5000000,868.0000000,102338
20090209,00:00:00,868.0000000,871.2500000,852.7500000,867.2500000,256331
20090210,00:00:00,867.0000000,867.5000000,825.5000000,825.5000000,700641
20090211,00:00:00,829.0000000,836.2500000,819.5000000,831.5000000,655932
20090212,00:00:00,831.7500000,833.7500000,805.5000000,832.0000000,911812
20090213,00:00:00,832.0000000,840.5000000,822.7500000,823.7500000,847874
20090214,00:00:00,823.5000000,824.2500000,818.7500000,820.0000000,98352
20090216,00:00:00,814.0000000,818.7500000,808.2500000,808.7500000,115565
20090217,00:00:00,809.2500000,812.2500000,786.7500000,787.7500000,909611
20090218,00:00:00,787.5000000,796.2500000,778.0000000,785.7500000,927918
20090219,00:00:00,785.7500000,796.7500000,775.2500000,778.0000000,976242
20090220,00:00:00,778.0000000,779.7500000,752.7500000,769.2500000,939637
20090221,00:00:00,769.0000000,770.2500000,766.2500000,770.0000000,97615
20090223,00:00:00,770.0000000,786.5000000,741.0000000,742.2500000,804701
20090224,00:00:00,743.0000000,774.7500000,739.7500000,771.2500000,910481
20090225,00:00:00,771.0000000,779.5000000,751.2500000,764.0000000,923740
20090226,00:00:00,764.0000000,779.0000000,750.5000000,751.7500000,549868
20090227,00:00:00,751.5000000,756.0000000,730.2500000,734.2500000,536496
20090228,00:00:00,734.2500000,735.7500000,732.5000000,733.0000000,102007
20090302,00:00:00,731.2500000,733.7500000,698.7500000,700.7500000,895757
20090303,00:00:00,700.7500000,715.2500000,691.2500000,695.7500000,1090597
20090304,00:00:00,695.5000000,723.7500000,681.5000000,711.7500000,1079616
20090305,00:00:00,711.7500000,712.0000000,676.5000000,682.7500000,679773
20090306,00:00:00,682.7500000,699.2500000,665.7500000,683.5000000,641834
20090307,00:00:00,683.7500000,688.7500000,682.2500000,688.5000000,92753
20090309,00:00:00,688.7500000,694.7500000,670.7500000,674.5000000,510808
20090310,00:00:00,674.5000000,721.7500000,673.5000000,717.2500000,579427
20090311,00:00:00,717.2500000,732.2500000,712.0000000,717.2500000,561703
20090312,00:00:00,717.2500000,750.0000000,708.0000000,746.7500000,282017
20090313,00:00:00,746.7500000,758.2500000,739.0000000,755.0000000,403538
20090316,00:00:00,750.7500000,771.5000000,746.2500000,753.7500000,454872
20090317,00:00:00,753.7500000,777.0000000,746.2500000,776.0000000,505843
20090318,00:00:00,775.7500000,800.2500000,761.7500000,791.7500000,506921
20090319,00:00:00,791.7500000,801.2500000,777.5000000,778.7500000,507055
20090320,00:00:00,779.0000000,785.5000000,761.5000000,763.7500000,534325
20090323,00:00:00,766.7500000,821.0000000,765.5000000,818.0000000,649362
20090324,00:00:00,818.2500000,819.7500000,801.2500000,802.2500000,539651
20090325,00:00:00,802.2500000,823.2500000,787.0000000,810.5000000,518143
20090326,00:00:00,810.5000000,830.5000000,810.2500000,827.0000000,492911
20090327,00:00:00,826.7500000,830.0000000,809.5000000,815.5000000,472427
20090330,00:00:00,812.5000000,815.2500000,775.7500000,784.2500000,416349
20090331,00:00:00,784.0000000,807.0000000,782.7500000,792.0000000,505408
20090401,00:00:00,791.5000000,810.0000000,779.5000000,805.7500000,441908
20090402,00:00:00,806.2500000,842.2500000,805.7500000,829.7500000,565249
20090403,00:00:00,829.7500000,844.2500000,822.7500000,838.5000000,1031562
20090404,00:00:00,838.5000000,842.5000000,838.0000000,840.7500000,106011
20090406,00:00:00,840.0000000,848.0000000,818.7500000,831.2500000,896789
20090407,00:00:00,831.0000000,833.7500000,810.7500000,811.7500000,1063409
20090408,00:00:00,811.5000000,825.2500000,802.2500000,821.7500000,1087450
20090409,00:00:00,821.7500000,853.5000000,820.5000000,853.2500000,942404
20090410,00:00:00,853.2500000,854.5000000,852.2500000,852.7500000,111676
20090413,00:00:00,848.7500000,861.2500000,841.5000000,854.7500000,627987
20090414,00:00:00,854.5000000,857.5000000,836.2500000,838.0000000,1047244
20090415,00:00:00,838.0000000,849.7500000,831.5000000,848.2500000,936769
20090416,00:00:00,848.5000000,866.7500000,840.2500000,860.7500000,1164108
20090417,00:00:00,860.7500000,872.0000000,853.7500000,866.0000000,984049
20090418,00:00:00,866.0000000,867.2500000,865.0000000,867.0000000,80972
20090420,00:00:00,865.5000000,865.5000000,831.5000000,832.2500000,750281
20090421,00:00:00,831.5000000,847.0000000,823.0000000,846.2500000,1088195
20090422,00:00:00,846.2500000,858.7500000,835.5000000,840.0000000,1174800
20090423,00:00:00,840.0000000,850.0000000,831.2500000,848.7500000,1132218
20090424,00:00:00,848.7500000,868.7500000,841.5000000,861.2500000,959140
20090425,00:00:00,861.0000000,867.0000000,861.0000000,866.5000000,86941
20090427,00:00:00,863.2500000,865.7500000,846.7500000,853.7500000,995257
20090428,00:00:00,854.0000000,861.2500000,838.5000000,850.7500000,1076115
20090429,00:00:00,851.0000000,879.2500000,849.2500000,870.0000000,1010498
20090430,00:00:00,869.7500000,887.0000000,864.7500000,868.5000000,1114047
20090501,00:00:00,868.5000000,877.5000000,862.5000000,874.2500000,946605
20090502,00:00:00,874.0000000,878.2500000,873.7500000,876.5000000,135776
20090504,00:00:00,876.0000000,904.0000000,876.0000000,904.0000000,1437153
20090505,00:00:00,904.2500000,905.0000000,893.7500000,900.0000000,2052600
20090506,00:00:00,900.2500000,917.2500000,891.0000000,916.2500000,1237280
20090507,00:00:00,916.2500000,928.7500000,898.0000000,904.0000000,1003833
20090508,00:00:00,904.2500000,927.7500000,903.0000000,926.0000000,1099828
20090509,00:00:00,926.2500000,926.5000000,924.0000000,924.5000000,108182
20090511,00:00:00,921.0000000,923.0000000,905.7500000,907.2500000,934841
20090512,00:00:00,907.2500000,915.2500000,894.0000000,906.0000000,1059071
20090513,00:00:00,906.0000000,911.2500000,880.0000000,881.7500000,1112176
20090514,00:00:00,882.0000000,896.5000000,878.7500000,889.5000000,1096339
20090515,00:00:00,889.7500000,895.2500000,876.7500000,881.5000000,1019736
20090516,00:00:00,881.2500000,883.5000000,880.7500000,882.7500000,81462
20090518,00:00:00,882.0000000,908.7500000,875.2500000,908.0000000,886272
20090519,00:00:00,908.0000000,915.7500000,903.5000000,906.5000000,1006797
20090520,00:00:00,906.5000000,923.5000000,899.5000000,901.5000000,1130849
20090521,00:00:00,901.7500000,902.0000000,878.0000000,887.2500000,1130457
20090522,00:00:00,887.2500000,895.7500000,882.0000000,886.2500000,907540
20090523,00:00:00,886.2500000,886.5000000,883.2500000,885.0000000,56557
20090525,00:00:00,885.5000000,891.0000000,878.2500000,890.2500000,67458
20090526,00:00:00,889.0000000,911.0000000,876.7500000,909.2500000,1010274
20090527,00:00:00,909.2500000,914.0000000,890.5000000,891.2500000,1112256
20090528,00:00:00,891.2500000,908.7500000,886.2500000,906.0000000,1123829
20090529,00:00:00,906.0000000,919.7500000,902.2500000,919.7500000,749472
20090530,00:00:00,919.7500000,924.2500000,919.2500000,921.7500000,137229
20090531,00:00:00,923.0000000,925.0000000,922.7500000,924.0000000,5674
20090601,00:00:00,924.0000000,947.2500000,923.7500000,938.0000000,821896
20090602,00:00:00,937.7500000,948.5000000,934.7500000,943.7500000,874013
20090603,00:00:00,943.7500000,945.7500000,922.7500000,930.2500000,936824
20090604,00:00:00,930.2500000,943.5000000,928.2500000,941.2500000,898720
20090605,00:00:00,941.5000000,957.2500000,933.2500000,940.5000000,975471
20090606,00:00:00,940.0000000,941.0000000,939.2500000,940.5000000,65512
20090607,00:00:00,938.7500000,939.2500000,934.5000000,936.7500000,26162
20090608,00:00:00,936.7500000,946.5000000,925.7500000,936.7500000,920475
20090609,00:00:00,936.5000000,947.0000000,935.2500000,943.7500000,886443
20090610,00:00:00,943.5000000,955.0000000,927.2500000,941.2500000,917961
20090611,00:00:00,941.0000000,952.7500000,932.7500000,939.5000000,537605
20090612,00:00:00,939.5000000,942.5000000,931.5000000,940.7500000,627268
20090613,00:00:00,942.2500000,942.5000000,940.2500000,940.7500000,67254
20090614,00:00:00,938.5000000,938.7500000,935.0000000,935.5000000,14045
20090615,00:00:00,935.7500000,936.0000000,915.2500000,916.7500000,805905
20090616,00:00:00,916.5000000,924.7500000,906.0000000,910.0000000,933354
20090617,00:00:00,910.0000000,914.2500000,899.2500000,906.0000000,962950
20090618,00:00:00,906.0000000,917.5000000,903.0000000,915.0000000,828644
20090619,00:00:00,914.7500000,923.0000000,911.0000000,916.0000000,861754
20090620,00:00:00,916.2500000,916.2500000,914.0000000,916.0000000,74094
20090621,00:00:00,914.0000000,919.2500000,913.2500000,918.5000000,21535
20090622,00:00:00,918.5000000,919.2500000,887.2500000,889.5000000,983264
20090623,00:00:00,889.5000000,894.2500000,884.2500000,892.0000000,858244
20090624,00:00:00,892.0000000,908.5000000,889.5000000,906.5000000,810498
20090625,00:00:00,906.2500000,917.7500000,891.0000000,913.0000000,1064567
20090626,00:00:00,913.0000000,919.0000000,908.5000000,914.0000000,728508
20090627,00:00:00,913.7500000,914.5000000,913.0000000,914.0000000,82744
20090628,00:00:00,913.2500000,913.2500000,909.2500000,909.5000000,17575
20090629,00:00:00,909.5000000,924.0000000,907.2500000,921.0000000,762328
20090630,00:00:00,921.0000000,926.0000000,908.2500000,918.0000000,1012700
20090701,00:00:00,918.0000000,928.2500000,913.5000000,917.0000000,837916
20090702,00:00:00,917.0000000,918.7500000,889.2500000,895.5000000,1018378
20090703,00:00:00,895.5000000,897.7500000,892.2500000,893.5000000,67912
20090705,00:00:00,892.0000000,893.7500000,884.0000000,885.7500000,36694
20090706,00:00:00,885.7500000,896.2500000,882.0000000,894.5000000,766768
20090707,00:00:00,894.7500000,898.0000000,875.2500000,878.0000000,918461
20090708,00:00:00,878.0000000,883.2500000,865.5000000,877.2500000,991260
20090709,00:00:00,877.2500000,884.5000000,874.5000000,876.7500000,908799
20090710,00:00:00,876.5000000,880.2500000,868.7500000,874.2500000,938031
20090711,00:00:00,874.7500000,875.7500000,873.5000000,874.2500000,68959
20090712,00:00:00,875.0000000,877.5000000,866.0000000,867.0000000,33588
20090713,00:00:00,867.2500000,898.2500000,865.5000000,897.7500000,1042716
20090714,00:00:00,897.5000000,912.7500000,892.5000000,909.5000000,1123105
20090715,00:00:00,909.5000000,930.7500000,908.5000000,921.7500000,1054979
20090716,00:00:00,921.5000000,940.5000000,921.0000000,932.2500000,1192583
20090717,00:00:00,932.5000000,938.7500000,928.2500000,937.2500000,849235
20090718,00:00:00,937.0000000,937.2500000,936.0000000,937.2500000,64914
20090719,00:00:00,936.7500000,941.7500000,933.7500000,940.2500000,25716
20090720,00:00:00,940.0000000,949.2500000,937.0000000,946.0000000,879302
20090721,00:00:00,945.7500000,956.2500000,939.5000000,952.5000000,951918
20090722,00:00:00,952.5000000,956.7500000,943.5000000,953.2500000,967002
20090723,00:00:00,953.5000000,976.5000000,950.2500000,964.0000000,1022053
20090724,00:00:00,964.0000000,979.0000000,962.5000000,979.0000000,916860
20090725,00:00:00,975.7500000,979.0000000,975.7500000,979.0000000,77037
20090726,00:00:00,976.7500000,983.7500000,973.7500000,983.5000000,30850
20090727,00:00:00,983.2500000,984.0000000,969.0000000,978.5000000,878122
20090728,00:00:00,978.7500000,981.5000000,966.0000000,972.5000000,1039067
20090729,00:00:00,972.5000000,978.7500000,964.2500000,977.5000000,1087622
20090730,00:00:00,977.5000000,994.0000000,976.0000000,986.0000000,1094790
20090731,00:00:00,986.0000000,990.5000000,978.2500000,982.0000000,985540
20090801,00:00:00,984.5000000,984.7500000,981.5000000,982.0000000,86461
20090802,00:00:00,983.0000000,987.5000000,982.0000000,985.7500000,30337
20090803,00:00:00,985.5000000,1001.5000000,983.2500000,998.0000000,911517
20090804,00:00:00,997.7500000,1005.7500000,992.0000000,1003.0000000,973301
20090805,00:00:00,1002.7500000,1006.5000000,991.2500000,1000.0000000,925072
20090806,00:00:00,999.7500000,1007.7500000,989.7500000,994.0000000,800637
20090807,00:00:00,994.0000000,1015.7500000,990.0000000,1006.5000000,950140
20090808,00:00:00,1008.0000000,1008.0000000,1005.5000000,1006.5000000,82969
20090809,00:00:00,1005.7500000,1007.7500000,1003.7500000,1005.2500000,25659
20090810,00:00:00,1005.0000000,1007.7500000,998.2500000,1006.5000000,721643
20090811,00:00:00,1006.2500000,1010.7500000,990.2500000,993.7500000,927094
20090812,00:00:00,993.7500000,1011.2500000,985.7500000,1006.0000000,1017969
20090813,00:00:00,1006.0000000,1015.7500000,998.2500000,1013.0000000,1015681
20090814,00:00:00,1012.7500000,1015.5000000,992.2500000,1006.2500000,978051
20090815,00:00:00,1002.5000000,1007.0000000,1002.2500000,1006.2500000,114085
20090816,00:00:00,1004.2500000,1004.2500000,997.7500000,998.0000000,36591
20090817,00:00:00,998.0000000,998.2500000,975.5000000,978.0000000,1303108
20090818,00:00:00,978.0000000,990.0000000,977.7500000,989.0000000,1102632
20090819,00:00:00,989.0000000,1002.7500000,977.0000000,1002.5000000,1217355
20090820,00:00:00,1002.5000000,1007.7500000,994.2500000,997.0000000,1021382
20090821,00:00:00,997.2500000,1027.0000000,996.7500000,1025.5000000,930434
20090822,00:00:00,1025.2500000,1025.5000000,1024.7500000,1025.5000000,31500
20090823,00:00:00,1025.2500000,1032.5000000,1024.5000000,1030.2500000,50070
20090824,00:00:00,1030.2500000,1035.0000000,1020.2500000,1022.7500000,972478
20090825,00:00:00,1023.0000000,1037.7500000,1018.2500000,1028.5000000,1119803
20090826,00:00:00,1028.2500000,1031.7500000,1020.2500000,1025.0000000,1069888
20090827,00:00:00,1025.2500000,1032.5000000,1014.7500000,1028.2500000,1042143
20090828,00:00:00,1028.5000000,1038.7500000,1022.0000000,1027.5000000,733120
20090829,00:00:00,1028.5000000,1029.2500000,1027.2500000,1027.5000000,53686
20090830,00:00:00,1026.7500000,1031.0000000,1021.2500000,1022.7500000,45353
20090831,00:00:00,1022.7500000,1023.2500000,1013.5000000,1022.7500000,821296
20090901,00:00:00,1022.7500000,1027.7500000,995.2500000,998.0000000,1186404
20090902,00:00:00,998.2500000,1001.0000000,991.0000000,995.5000000,918587
20090903,00:00:00,995.2500000,1004.0000000,991.2500000,1001.2500000,747492
20090904,00:00:00,1001.5000000,1016.2500000,1000.0000000,1014.0000000,902349
20090905,00:00:00,1015.5000000,1016.2500000,1013.5000000,1014.0000000,69039
20090906,00:00:00,1013.5000000,1015.5000000,1012.2500000,1014.5000000,12714
20090907,00:00:00,1014.5000000,1023.0000000,1013.7500000,1021.0000000,116849
20090908,00:00:00,1020.7500000,1026.7500000,1019.0000000,1021.2500000,750130
20090909,00:00:00,1021.0000000,1036.2500000,1018.7500000,1031.7500000,914934
20090910,00:00:00,1031.7500000,1039.5000000,1023.2500000,1035.5000000,502285
20090911,00:00:00,1035.5000000,1043.7500000,1033.5000000,1037.2500000,687839
20090912,00:00:00,1038.2500000,1038.5000000,1036.7500000,1037.2500000,49934
20090913,00:00:00,1035.7500000,1035.7500000,1025.5000000,1027.0000000,43879
20090914,00:00:00,1027.2500000,1045.2500000,1026.2500000,1040.7500000,892081
20090915,00:00:00,1040.5000000,1052.0000000,1038.5000000,1046.2500000,1156151
20090916,00:00:00,1046.0000000,1064.7500000,1045.5000000,1062.7500000,1121760
20090917,00:00:00,1063.0000000,1071.0000000,1056.0000000,1060.0000000,1110065
20090918,00:00:00,1059.7500000,1067.7500000,1057.5000000,1061.0000000,999651
20090919,00:00:00,1063.2500000,1063.2500000,1060.2500000,1061.0000000,88768
20090920,00:00:00,1059.2500000,1060.7500000,1057.5000000,1059.2500000,19377
20090921,00:00:00,1059.2500000,1062.7500000,1051.7500000,1062.2500000,988408
20090922,00:00:00,1062.2500000,1069.2500000,1061.5000000,1067.0000000,891916
20090923,00:00:00,1067.2500000,1075.5000000,1052.2500000,1052.7500000,993366
20090924,00:00:00,1052.7500000,1064.0000000,1041.0000000,1049.2500000,1170805
20090925,00:00:00,1049.2500000,1049.5000000,1036.2500000,1041.2500000,1006943
20090926,00:00:00,1040.0000000,1041.5000000,1039.7500000,1041.2500000,66639
20090927,00:00:00,1037.5000000,1039.2500000,1036.7500000,1038.5000000,3779
20090928,00:00:00,1038.2500000,1061.0000000,1037.0000000,1060.0000000,938125
20090929,00:00:00,1060.0000000,1065.7500000,1053.2500000,1056.0000000,949671
20090930,00:00:00,1056.2500000,1063.2500000,1042.0000000,1051.0000000,1339350
20091001,00:00:00,1051.0000000,1055.2500000,1023.7500000,1024.5000000,1283527
20091002,00:00:00,1024.5000000,1027.0000000,1012.0000000,1022.0000000,1189039
20091003,00:00:00,1020.5000000,1022.5000000,1020.2500000,1022.0000000,74080
20091004,00:00:00,1021.7500000,1025.7500000,1019.5000000,1023.5000000,30032
20091005,00:00:00,1023.7500000,1038.5000000,1021.2500000,1036.0000000,888202
20091006,00:00:00,1036.0000000,1056.7500000,1035.7500000,1051.7500000,1097791
20091007,00:00:00,1051.7500000,1064.5000000,1045.5000000,1062.7500000,1004361
20091008,00:00:00,1063.0000000,1067.2500000,1056.7500000,1063.5000000,921789
20091009,00:00:00,1063.7500000,1068.5000000,1058.5000000,1068.5000000,807723
20091010,00:00:00,1067.7500000,1068.5000000,1067.2500000,1068.5000000,68059
20091011,00:00:00,1067.7500000,1071.0000000,1067.2500000,1069.2500000,17382
20091012,00:00:00,1069.0000000,1076.7500000,1067.5000000,1071.7500000,731882
20091013,00:00:00,1071.7500000,1081.5000000,1063.0000000,1078.5000000,928713
20091014,00:00:00,1078.5000000,1089.7500000,1077.2500000,1087.7500000,1102910
20091015,00:00:00,1087.7500000,1093.2500000,1080.5000000,1091.5000000,1102581
20091016,00:00:00,1091.5000000,1095.2500000,1077.5000000,1082.2500000,1014681
20091017,00:00:00,1084.2500000,1084.5000000,1080.7500000,1082.2500000,97817
20091018,00:00:00,1080.2500000,1081.0000000,1076.2500000,1080.0000000,28108
20091019,00:00:00,1080.0000000,1096.7500000,1080.0000000,1095.5000000,862098
20091020,00:00:00,1095.5000000,1099.0000000,1082.2500000,1088.0000000,978663
20091021,00:00:00,1088.0000000,1098.5000000,1073.0000000,1076.7500000,1135856
20091022,00:00:00,1076.7500000,1095.0000000,1070.5000000,1094.5000000,1085760
20091023,00:00:00,1094.5000000,1095.2500000,1071.5000000,1076.7500000,1014171
20091024,00:00:00,1076.2500000,1077.5000000,1075.7500000,1076.7500000,74337
20091025,00:00:00,1076.5000000,1080.0000000,1075.0000000,1077.7500000,29605
20091026,00:00:00,1077.5000000,1088.5000000,1061.5000000,1063.7500000,893760
20091027,00:00:00,1064.0000000,1069.7500000,1057.2500000,1059.0000000,1094805
20091028,00:00:00,1059.0000000,1062.0000000,1037.2500000,1041.2500000,1182770
20091029,00:00:00,1041.2500000,1064.0000000,1038.7500000,1061.7500000,1093081
20091030,00:00:00,1061.7500000,1062.5000000,1029.5000000,1032.0000000,1134787
20091101,00:00:00,1031.2500000,1039.7500000,1028.7500000,1039.2500000,61297
20091102,00:00:00,1039.2500000,1049.5000000,1026.0000000,1040.7500000,1092838
20091103,00:00:00,1040.7500000,1046.5000000,1026.5000000,1046.0000000,1123844
20091104,00:00:00,1046.0000000,1058.2500000,1041.5000000,1043.0000000,972029
20091105,00:00:00,1043.2500000,1064.5000000,1039.0000000,1062.0000000,1015266
20091106,00:00:00,1062.2500000,1069.0000000,1053.7500000,1066.2500000,956049
20091107,00:00:00,1066.5000000,1067.0000000,1065.7500000,1066.2500000,57263
20091108,00:00:00,1066.0000000,1071.0000000,1065.0000000,1069.2500000,35125
20091109,00:00:00,1069.2500000,1092.0000000,1068.2500000,1088.0000000,1062031
20091110,00:00:00,1088.2500000,1096.7500000,1085.0000000,1094.0000000,980345
20091111,00:00:00,1094.0000000,1103.2500000,1091.2500000,1093.5000000,922881
20091112,00:00:00,1093.2500000,1101.0000000,1082.5000000,1088.5000000,1014590
20091113,00:00:00,1088.5000000,1096.0000000,1082.7500000,1091.5000000,967265
20091114,00:00:00,1091.2500000,1092.0000000,1090.7500000,1091.5000000,62343
20091115,00:00:00,1092.0000000,1099.5000000,1091.2500000,1099.0000000,39440
20091116,00:00:00,1099.0000000,1112.2500000,1097.7500000,1101.2500000,1192414
20091117,00:00:00,1101.2500000,1110.7500000,1100.0000000,1106.7500000,1057304
20091118,00:00:00,1106.7500000,1110.2500000,1101.0000000,1104.7500000,991447
20091119,00:00:00,1105.0000000,1106.7500000,1086.7500000,1094.0000000,1257138
20091120,00:00:00,1094.0000000,1095.0000000,1083.5000000,1089.7500000,1005857
20091121,00:00:00,1090.2500000,1090.5000000,1089.2500000,1089.7500000,81975
20091122,00:00:00,1089.7500000,1094.7500000,1089.0000000,1094.0000000,30364
20091123,00:00:00,1093.7500000,1111.5000000,1092.7500000,1101.5000000,1034785
20091124,00:00:00,1101.5000000,1107.0000000,1095.5000000,1105.2500000,1010406
20091125,00:00:00,1105.0000000,1111.2500000,1103.2500000,1104.0000000,711639
20091126,00:00:00,1104.0000000,1105.0000000,1071.7500000,1075.7500000,330027
20091127,00:00:00,1075.5000000,1098.2500000,1067.0000000,1089.5000000,813826
20091129,00:00:00,1091.7500000,1098.0000000,1091.7500000,1093.7500000,74793
20091130,00:00:00,1093.7500000,1097.2500000,1084.7500000,1096.2500000,1037844
20091201,00:00:00,1096.5000000,1111.7500000,1094.0000000,1108.7500000,919325
20091202,00:00:00,1108.7500000,1115.2500000,1104.5000000,1113.0000000,899066
20091203,00:00:00,1112.7500000,1116.7500000,1096.2500000,1097.0000000,953297
20091204,00:00:00,1097.2500000,1119.0000000,1095.5000000,1108.5000000,1020844
20091205,00:00:00,1105.2500000,1108.5000000,1105.0000000,1108.5000000,108488
20091206,00:00:00,1108.0000000,1110.7500000,1105.5000000,1105.7500000,36333
20091207,00:00:00,1105.7500000,1110.2500000,1098.7500000,1104.7500000,801251
20091208,00:00:00,1104.7500000,1107.2500000,1087.7500000,1095.0000000,1411616
20091209,00:00:00,1095.2500000,1097.5000000,1085.2500000,1089.7500000,946433
20091210,00:00:00,1090.0000000,1101.5000000,1087.7500000,1100.5000000,365844
20091211,00:00:00,1100.5000000,1105.5000000,1096.2500000,1103.5000000,722273
20091212,00:00:00,1101.5000000,1103.5000000,1101.5000000,1103.5000000,70064
20091213,00:00:00,1102.7500000,1112.5000000,1099.7500000,1110.7500000,58810
20091214,00:00:00,1110.7500000,1113.0000000,1104.0000000,1109.2500000,709515
20091215,00:00:00,1109.2500000,1110.0000000,1100.2500000,1103.7500000,752973
20091216,00:00:00,1103.5000000,1112.0000000,1100.2500000,1100.7500000,739885
20091217,00:00:00,1100.7500000,1104.0000000,1091.0000000,1097.2500000,974256
20091218,00:00:00,1097.0000000,1102.7500000,1088.7500000,1097.7500000,919412
20091219,00:00:00,1098.2500000,1099.0000000,1096.7500000,1097.7500000,99430
20091220,00:00:00,1098.7500000,1102.0000000,1096.5000000,1099.2500000,32725
20091221,00:00:00,1099.2500000,1113.0000000,1097.7500000,1111.7500000,699633
20091222,00:00:00,1111.7500000,1115.7500000,1110.0000000,1114.5000000,607911
20091223,00:00:00,1114.5000000,1120.0000000,1111.2500000,1116.7500000,514639
20091224,00:00:00,1117.0000000,1122.5000000,1116.7500000,1122.0000000,197337
20091227,00:00:00,1120.5000000,1124.5000000,1117.5000000,1123.7500000,20473
20091228,00:00:00,1123.7500000,1126.0000000,1119.5000000,1123.7500000,383541
20091229,00:00:00,1124.0000000,1128.2500000,1118.7500000,1119.2500000,472346
20091230,00:00:00,1119.0000000,1123.7500000,1113.0000000,1123.5000000,450076
20091231,00:00:00,1123.2500000,1125.2500000,1110.0000000,1113.2500000,471059
20100101,00:00:00,1111.0000000,1113.2500000,1110.0000000,1113.2500000,101907
20100103,00:00:00,1113.7500000,1116.5000000,1113.2500000,1114.7500000,27784
20100104,00:00:00,1114.7500000,1129.7500000,1114.0000000,1127.7500000,786445
20100105,00:00:00,1127.7500000,1132.7500000,1125.0000000,1130.2500000,768788
20100106,00:00:00,1130.0000000,1135.5000000,1127.2500000,1130.7500000,700032
20100107,00:00:00,1131.0000000,1138.7500000,1127.0000000,1137.7500000,895333
20100108,00:00:00,1137.7500000,1141.7500000,1131.0000000,1141.7500000,809013
20100109,00:00:00,1141.0000000,1141.7500000,1140.7500000,1141.7500000,78291
20100110,00:00:00,1141.7500000,1147.5000000,1140.7500000,1146.2500000,40144
20100111,00:00:00,1146.0000000,1148.0000000,1137.7500000,1141.0000000,799621
20100112,00:00:00,1141.0000000,1143.0000000,1127.7500000,1135.0000000,1078921
20100113,00:00:00,1134.7500000,1145.2500000,1129.2500000,1144.5000000,935233
20100114,00:00:00,1144.2500000,1147.2500000,1138.2500000,1144.2500000,819312
20100115,00:00:00,1144.2500000,1146.0000000,1127.5000000,1132.0000000,1021837
20100116,00:00:00,1132.2500000,1132.7500000,1131.7500000,1132.0000000,76236
20100117,00:00:00,1131.5000000,1134.5000000,1129.5000000,1134.2500000,22003
20100118,00:00:00,1134.2500000,1137.5000000,1131.7500000,1135.0000000,118381
20100119,00:00:00,1135.2500000,1147.0000000,1126.2500000,1142.5000000,956426
20100120,00:00:00,1142.7500000,1143.2500000,1125.2500000,1139.0000000,1152622
20100121,00:00:00,1139.0000000,1139.2500000,1108.5000000,1112.0000000,1198877
20100122,00:00:00,1111.7500000,1115.7500000,1086.2500000,1091.2500000,1300735
20100123,00:00:00,1087.7500000,1091.7500000,1087.0000000,1091.2500000,172172
20100124,00:00:00,1094.0000000,1097.7500000,1093.5000000,1096.5000000,64545
20100125,00:00:00,1096.5000000,1103.0000000,1081.0000000,1084.0000000,1125701
20100126,00:00:00,1084.0000000,1100.0000000,1082.2500000,1088.7500000,1163733
20100127,00:00:00,1088.7500000,1103.5000000,1078.7500000,1102.2500000,1093072
20100128,00:00:00,1102.2500000,1102.7500000,1072.2500000,1072.7500000,1285465
20100129,00:00:00,1073.0000000,1093.2500000,1066.7500000,1068.7500000,1095671
20100130,00:00:00,1069.7500000,1070.0000000,1066.7500000,1068.7500000,125244
20100131,00:00:00,1070.0000000,1073.7500000,1068.0000000,1072.0000000,58975
20100201,00:00:00,1072.0000000,1087.5000000,1070.5000000,1084.0000000,978321
20100202,00:00:00,1083.7500000,1101.5000000,1082.0000000,1098.5000000,1043359
20100203,00:00:00,1098.5000000,1100.2500000,1090.5000000,1095.0000000,1032406
20100204,00:00:00,1095.0000000,1095.7500000,1059.2500000,1064.0000000,1348635
20100205,00:00:00,1064.2500000,1065.0000000,1041.0000000,1060.0000000,1403331
20100206,00:00:00,1063.0000000,1063.0000000,1059.2500000,1060.0000000,125110
20100207,00:00:00,1062.0000000,1062.2500000,1057.5000000,1059.5000000,39697
20100208,00:00:00,1059.2500000,1068.5000000,1053.0000000,1058.7500000,1070588
20100209,00:00:00,1059.0000000,1077.0000000,1058.0000000,1064.2500000,1198322
20100210,00:00:00,1064.0000000,1072.5000000,1056.2500000,1068.7500000,1101918
20100211,00:00:00,1068.7500000,1079.7500000,1057.7500000,1077.5000000,1134351
20100212,00:00:00,1077.2500000,1079.2500000,1060.2500000,1079.0000000,1306074
20100213,00:00:00,1075.0000000,1079.2500000,1074.7500000,1079.0000000,131750
20100214,00:00:00,1077.5000000,1077.7500000,1075.0000000,1075.2500000,18357
20100215,00:00:00,1075.2500000,1079.0000000,1073.5000000,1077.7500000,110254
20100216,00:00:00,1077.7500000,1096.0000000,1077.5000000,1095.5000000,1401821
20100217,00:00:00,1095.5000000,1100.0000000,1092.7500000,1097.5000000,904778
20100218,00:00:00,1097.7500000,1106.7500000,1092.7500000,1093.7500000,849446
20100219,00:00:00,1093.5000000,1111.0000000,1092.5000000,1106.2500000,885050
20100220,00:00:00,1107.2500000,1107.2500000,1105.2500000,1106.2500000,90139
20100221,00:00:00,1105.7500000,1110.5000000,1105.7500000,1109.2500000,35978
20100222,00:00:00,1109.0000000,1112.5000000,1103.5000000,1108.2500000,580873
20100223,00:00:00,1108.2500000,1112.7500000,1090.2500000,1097.7500000,854463
20100224,00:00:00,1097.7500000,1105.2500000,1092.5000000,1095.2500000,724607
20100225,00:00:00,1095.2500000,1107.5000000,1084.7500000,1104.7500000,1109309
20100226,00:00:00,1104.7500000,1106.5000000,1096.2500000,1105.2500000,838772
20100228,00:00:00,1105.7500000,1110.2500000,1105.2500000,1108.2500000,42353
20100301,00:00:00,1108.2500000,1115.5000000,1104.2500000,1114.0000000,883375
20100302,00:00:00,1114.0000000,1122.7500000,1112.7500000,1117.0000000,831678
20100303,00:00:00,1117.0000000,1125.0000000,1114.0000000,1114.2500000,805926
20100304,00:00:00,1114.2500000,1124.5000000,1114.0000000,1124.2500000,812430
20100305,00:00:00,1124.5000000,1138.7500000,1123.2500000,1136.5000000,983414
20100307,00:00:00,1136.0000000,1138.5000000,1135.7500000,1138.0000000,27685
20100308,00:00:00,1137.7500000,1140.5000000,1134.2500000,1135.2500000,663728
20100309,00:00:00,1135.2500000,1145.2500000,1131.5000000,1140.2500000,829557
20100310,00:00:00,1140.2500000,1148.0000000,1135.0000000,1136.7500000,786252
20100311,00:00:00,1136.7500000,1146.2500000,1134.0000000,1145.2500000,440452
20100312,00:00:00,1145.0000000,1152.0000000,1142.0000000,1146.5000000,703237
20100314,00:00:00,1146.0000000,1146.2500000,1140.2500000,1141.7500000,12500
20100315,00:00:00,1141.7500000,1147.7500000,1136.7500000,1147.0000000,675637
20100316,00:00:00,1147.0000000,1157.2500000,1144.5000000,1156.5000000,766333
20100317,00:00:00,1156.7500000,1165.5000000,1156.0000000,1161.5000000,782709
20100318,00:00:00,1161.7500000,1163.2500000,1156.2500000,1161.5000000,639919
20100319,00:00:00,1161.2500000,1165.0000000,1150.5000000,1156.2500000,841180
20100321,00:00:00,1150.7500000,1151.2500000,1147.7500000,1151.0000000,39144
20100322,00:00:00,1150.7500000,1163.7500000,1146.7500000,1162.5000000,1003981
20100323,00:00:00,1162.2500000,1170.5000000,1159.2500000,1168.2500000,901331
20100324,00:00:00,1168.2500000,1169.5000000,1161.0000000,1164.5000000,1043541
20100325,00:00:00,1164.7500000,1176.5000000,1158.2500000,1163.5000000,1063739
20100326,00:00:00,1163.2500000,1169.7500000,1156.7500000,1163.2500000,1039247
20100328,00:00:00,1164.5000000,1167.5000000,1164.0000000,1166.7500000,25188
20100329,00:00:00,1166.5000000,1171.0000000,1165.2500000,1169.2500000,919086
20100330,00:00:00,1169.2500000,1173.7500000,1164.5000000,1168.0000000,843155
20100331,00:00:00,1168.2500000,1170.5000000,1161.2500000,1169.2500000,1085562
20100401,00:00:00,1169.2500000,1177.5000000,1166.5000000,1171.5000000,1013457
20100402,00:00:00,1171.5000000,1178.7500000,1170.2500000,1177.7500000,81069
20100404,00:00:00,1178.7500000,1180.5000000,1177.7500000,1178.0000000,16660
20100405,00:00:00,1177.7500000,1183.7500000,1174.5000000,1180.7500000,665437
20100406,00:00:00,1180.7500000,1188.0000000,1177.2500000,1184.0000000,841756
20100407,00:00:00,1183.7500000,1186.0000000,1173.2500000,1176.5000000,964800
20100408,00:00:00,1176.5000000,1185.0000000,1171.2500000,1183.2500000,1081788
20100409,00:00:00,1183.5000000,1193.0000000,1183.2500000,1193.0000000,737977
20100411,00:00:00,1194.7500000,1198.5000000,1194.7500000,1196.5000000,44264
20100412,00:00:00,1196.7500000,1197.2500000,1188.0000000,1188.5000000,784491
20100413,00:00:00,1188.5000000,1196.2500000,1185.0000000,1195.7500000,818788
20100414,00:00:00,1195.5000000,1207.5000000,1194.5000000,1204.5000000,889601
20100415,00:00:00,1204.5000000,1210.5000000,1201.2500000,1202.5000000,994290
20100416,00:00:00,1202.5000000,1207.5000000,1182.7500000,1189.7500000,1213231
20100418,00:00:00,1186.0000000,1189.0000000,1185.0000000,1185.2500000,53268
20100419,00:00:00,1185.2500000,1197.0000000,1179.7500000,1196.2500000,1240503
20100420,00:00:00,1196.2500000,1209.5000000,1194.0000000,1209.0000000,945849
20100421,00:00:00,1209.0000000,1209.5000000,1195.2500000,1197.7500000,1101632
20100422,00:00:00,1197.7500000,1207.0000000,1186.5000000,1200.7500000,1282264
20100423,00:00:00,1200.5000000,1213.7500000,1197.5000000,1212.7500000,918151
20100425,00:00:00,1211.2500000,1215.2500000,1210.0000000,1212.7500000,30446
20100426,00:00:00,1212.7500000,1216.7500000,1206.7500000,1209.2500000,912322
20100427,00:00:00,1209.2500000,1209.7500000,1177.7500000,1181.7500000,1304556
20100428,00:00:00,1182.2500000,1192.0000000,1176.7500000,1189.2500000,1235362
20100429,00:00:00,1189.2500000,1206.2500000,1188.0000000,1203.5000000,1037681
20100430,00:00:00,1203.2500000,1207.7500000,1182.7500000,1185.7500000,1149632
20100503,00:00:00,1185.5000000,1202.0000000,1184.5000000,1197.7500000,1004759
20100504,00:00:00,1198.2500000,1198.7500000,1164.2500000,1172.0000000,1465592
20100505,00:00:00,1172.0000000,1175.0000000,1155.0000000,1164.7500000,1247330
20100506,00:00:00,1164.7500000,1168.7500000,1057.7500000,1126.0000000,1466586
20100507,00:00:00,1126.5000000,1135.0000000,1091.0000000,1107.5000000,1252623
20100509,00:00:00,1125.2500000,1139.0000000,1121.5000000,1137.7500000,227179
20100510,00:00:00,1137.7500000,1162.0000000,1137.7500000,1150.0000000,1463880
20100511,00:00:00,1149.7500000,1168.7500000,1140.5000000,1142.0000000,1028818
20100512,00:00:00,1142.0000000,1171.7500000,1141.2500000,1169.5000000,798546
20100513,00:00:00,1169.5000000,1174.7500000,1154.0000000,1158.5000000,855631
20100514,00:00:00,1158.5000000,1159.5000000,1123.7500000,1135.0000000,1022722
20100516,00:00:00,1133.7500000,1136.0000000,1120.2500000,1124.0000000,107438
20100517,00:00:00,1124.2500000,1140.2500000,1112.7500000,1132.5000000,1122740
20100518,00:00:00,1132.2500000,1147.5000000,1106.0000000,1112.0000000,2918220
20100519,00:00:00,1112.0000000,1122.7500000,1098.7500000,1110.2500000,3051357
20100520,00:00:00,1110.2500000,1115.5000000,1061.5000000,1074.7500000,1354693
20100521,00:00:00,1074.5000000,1088.7500000,1051.2500000,1084.5000000,3715738
20100523,00:00:00,1085.5000000,1086.7500000,1074.7500000,1080.5000000,92950
20100524,00:00:00,1080.7500000,1088.7500000,1052.2500000,1053.2500000,2186393
20100525,00:00:00,1053.2500000,1084.5000000,1036.7500000,1078.7500000,3316699
20100526,00:00:00,1078.5000000,1089.5000000,1055.5000000,1073.5000000,2482822
20100527,00:00:00,1073.5000000,1104.0000000,1072.2500000,1097.2500000,2278391
20100528,00:00:00,1097.0000000,1106.7500000,1083.2500000,1088.5000000,1974364
20100530,00:00:00,1088.5000000,1096.0000000,1085.7500000,1095.0000000,33534
20100531,00:00:00,1095.0000000,1096.0000000,1079.2500000,1082.0000000,96386
20100601,00:00:00,1082.2500000,1094.5000000,1067.2500000,1069.5000000,2131480
20100602,00:00:00,1069.5000000,1102.0000000,1067.7500000,1101.7500000,2030271
20100603,00:00:00,1101.7500000,1105.2500000,1090.7500000,1102.2500000,1848551
20100604,00:00:00,1102.5000000,1107.7500000,1059.2500000,1066.0000000,2792371
20100606,00:00:00,1064.2500000,1065.5000000,1052.0000000,1058.7500000,91826
20100607,00:00:00,1058.7500000,1070.7500000,1047.0000000,1054.2500000,2118957
20100608,00:00:00,1054.2500000,1063.2500000,1041.2500000,1056.2500000,2833392
20100609,00:00:00,1056.2500000,1077.7500000,1047.7500000,1057.5000000,2354553
20100610,00:00:00,1057.5000000,1083.5000000,1055.0000000,1078.2500000,1266838
20100611,00:00:00,1078.0000000,1088.2500000,1070.2500000,1085.0000000,1659384
20100613,00:00:00,1088.5000000,1091.5000000,1087.5000000,1088.2500000,20514
20100614,00:00:00,1088.2500000,1101.7500000,1084.2500000,1088.0000000,1745886
20100615,00:00:00,1087.7500000,1111.5000000,1084.2500000,1106.7500000,2085303
20100616,00:00:00,1106.5000000,1114.7500000,1100.0000000,1104.2500000,2051537
20100617,00:00:00,1104.2500000,1117.5000000,1100.7500000,1110.7500000,2214598
20100618,00:00:00,1110.5000000,1116.7500000,1108.2500000,1110.2500000,1515219
20100620,00:00:00,1116.0000000,1127.5000000,1115.5000000,1124.0000000,97584
20100621,00:00:00,1124.2500000,1129.5000000,1103.2500000,1110.7500000,1989231
20100622,00:00:00,1111.0000000,1114.5000000,1089.5000000,1094.0000000,2118413
20100623,00:00:00,1093.7500000,1097.7500000,1080.2500000,1089.5000000,1991933
20100624,00:00:00,1089.2500000,1091.0000000,1066.5000000,1072.2500000,2370724
20100625,00:00:00,1072.2500000,1079.5000000,1062.7500000,1074.7500000,2198649
20100627,00:00:00,1074.5000000,1078.5000000,1073.2500000,1077.0000000,31822
20100628,00:00:00,1076.7500000,1079.7500000,1063.7500000,1065.5000000,1644916
20100629,00:00:00,1065.5000000,1065.5000000,1030.2500000,1038.7500000,2726722
20100630,00:00:00,1039.0000000,1044.5000000,1016.0000000,1021.0000000,2365089
20100701,00:00:00,1021.2500000,1029.7500000,1006.0000000,1025.0000000,2775618
20100702,00:00:00,1025.2500000,1032.5000000,1010.7500000,1014.2500000,1919602
20100705,00:00:00,1017.7500000,1018.5000000,1002.7500000,1015.5000000,110753
20100706,00:00:00,1015.2500000,1038.5000000,1013.5000000,1019.5000000,1733341
20100707,00:00:00,1019.2500000,1062.2500000,1016.2500000,1058.0000000,2334217
20100708,00:00:00,1058.0000000,1068.5000000,1054.0000000,1067.7500000,1862393
20100709,00:00:00,1067.7500000,1075.0000000,1063.2500000,1072.5000000,1285426
20100711,00:00:00,1071.5000000,1072.2500000,1069.2500000,1070.0000000,20522
20100712,00:00:00,1069.7500000,1077.2500000,1065.5000000,1072.7500000,975340
20100713,00:00:00,1074.5000000,1099.0000000,1073.0000000,1097.5000000,988821
20100714,00:00:00,1097.7500000,1098.5000000,1083.5000000,1092.5000000,1761446
20100715,00:00:00,1092.5000000,1099.2500000,1076.2500000,1087.7500000,2116289
20100716,00:00:00,1087.5000000,1094.7500000,1059.0000000,1063.0000000,2207242
20100718,00:00:00,1061.7500000,1065.5000000,1060.0000000,1064.5000000,25997
20100719,00:00:00,1064.5000000,1071.0000000,1057.0000000,1065.2500000,1675827
20100720,00:00:00,1065.2500000,1085.0000000,1050.7500000,1077.7500000,2269946
20100721,00:00:00,1077.7500000,1087.7500000,1061.0000000,1062.0000000,2378836
20100722,00:00:00,1062.0000000,1094.5000000,1061.7500000,1089.7500000,2150067
20100723,00:00:00,1090.0000000,1101.5000000,1084.0000000,1100.5000000,1864996
20100725,00:00:00,1101.2500000,1104.5000000,1098.5000000,1103.0000000,33828
20100726,00:00:00,1102.7500000,1111.7500000,1097.0000000,1107.7500000,1414157
20100727,00:00:00,1107.7500000,1118.7500000,1106.0000000,1111.0000000,1645421
20100728,00:00:00,1111.0000000,1115.7500000,1099.2500000,1104.2500000,1516189
20100729,00:00:00,1104.5000000,1113.0000000,1088.7500000,1092.7500000,1917911
20100730,00:00:00,1092.7500000,1103.5000000,1083.5000000,1098.2500000,1819660
20100801,00:00:00,1104.2500000,1107.5000000,1101.7500000,1106.2500000,30228
20100802,00:00:00,1106.2500000,1124.2500000,1104.7500000,1119.5000000,1536440
20100803,00:00:00,1119.5000000,1122.7500000,1113.2500000,1115.5000000,1422587
20100804,00:00:00,1115.5000000,1126.0000000,1112.2500000,1123.5000000,1490265
20100805,00:00:00,1123.2500000,1127.7500000,1115.5000000,1124.7500000,1287689
20100806,00:00:00,1124.5000000,1127.0000000,1103.7500000,1119.5000000,1986572
20100808,00:00:00,1120.0000000,1121.5000000,1116.5000000,1118.7500000,24575
20100809,00:00:00,1118.7500000,1126.7500000,1118.0000000,1120.5000000,949444
20100810,00:00:00,1120.7500000,1124.5000000,1108.2500000,1112.0000000,1852550
20100811,00:00:00,1112.2500000,1112.2500000,1073.2500000,1081.5000000,2578056
20100812,00:00:00,1081.7500000,1087.5000000,1070.5000000,1085.0000000,2046364
20100813,00:00:00,1085.0000000,1089.0000000,1072.5000000,1076.0000000,1406800
20100815,00:00:00,1077.5000000,1077.5000000,1068.5000000,1075.7500000,54102
20100816,00:00:00,1075.7500000,1081.5000000,1066.2500000,1080.5000000,1551543
20100817,00:00:00,1080.5000000,1098.5000000,1078.2500000,1088.0000000,1711465
20100818,00:00:00,1088.0000000,1098.5000000,1083.7500000,1089.5000000,1677345
20100819,00:00:00,1089.2500000,1095.0000000,1068.5000000,1069.2500000,2114682
20100820,00:00:00,1069.2500000,1076.0000000,1061.7500000,1070.2500000,1728521
20100822,00:00:00,1069.5000000,1074.7500000,1069.0000000,1072.7500000,30094
20100823,00:00:00,1072.7500000,1080.2500000,1061.0000000,1061.7500000,1480276
20100824,00:00:00,1062.0000000,1063.2500000,1044.0000000,1051.5000000,2148875
20100825,00:00:00,1051.7500000,1057.7500000,1037.0000000,1056.5000000,2389390
20100826,00:00:00,1056.0000000,1061.7500000,1041.7500000,1048.2500000,1982494
20100827,00:00:00,1048.2500000,1064.5000000,1037.2500000,1063.7500000,2483841
20100829,00:00:00,1064.0000000,1072.7500000,1063.7500000,1068.5000000,58283
20100830,00:00:00,1068.5000000,1069.0000000,1043.2500000,1044.2500000,1405219
20100831,00:00:00,1044.0000000,1058.7500000,1037.5000000,1057.2500000,2354432
20100901,00:00:00,1057.0000000,1082.5000000,1050.7500000,1076.7500000,2328905
20100902,00:00:00,1076.7500000,1090.5000000,1076.5000000,1087.2500000,1579307
20100903,00:00:00,1087.5000000,1104.5000000,1086.2500000,1103.5000000,1882233
20100905,00:00:00,1103.7500000,1107.0000000,1101.7500000,1106.0000000,20074
20100906,00:00:00,1106.0000000,1107.2500000,1101.5000000,1103.5000000,121510
20100907,00:00:00,1103.5000000,1104.0000000,1088.2500000,1089.0000000,1514810
20100908,00:00:00,1089.0000000,1103.0000000,1086.2500000,1092.5000000,1676104
20100909,00:00:00,1092.5000000,1107.0000000,1092.0000000,1096.7500000,653754
20100910,00:00:00,1096.7500000,1105.7500000,1096.0000000,1105.0000000,1008023
20100912,00:00:00,1110.0000000,1114.7500000,1108.0000000,1114.0000000,42048
20100913,00:00:00,1114.0000000,1119.7500000,1110.7500000,1115.2500000,1369737
20100914,00:00:00,1115.5000000,1122.5000000,1110.2500000,1117.2500000,1863642
20100915,00:00:00,1117.2500000,1121.7500000,1109.0000000,1117.2500000,1646159
20100916,00:00:00,1117.0000000,1129.5000000,1112.7500000,1128.5000000,1544894
20100917,00:00:00,1128.5000000,1132.7500000,1117.0000000,1119.7500000,1728430
20100919,00:00:00,1119.0000000,1122.2500000,1117.0000000,1120.7500000,30228
20100920,00:00:00,1120.7500000,1140.2500000,1119.2500000,1132.5000000,1745348
20100921,00:00:00,1132.7500000,1144.0000000,1130.2500000,1139.5000000,1847291
20100922,00:00:00,1139.2500000,1140.0000000,1126.5000000,1133.5000000,1857636
20100923,00:00:00,1133.5000000,1134.5000000,1117.2500000,1124.0000000,2132798
20100924,00:00:00,1124.0000000,1144.5000000,1120.7500000,1143.2500000,1756546
20100926,00:00:00,1144.0000000,1149.7500000,1143.2500000,1147.2500000,54765
20100927,00:00:00,1147.0000000,1147.5000000,1137.0000000,1139.5000000,1290546
20100928,00:00:00,1139.2500000,1146.0000000,1127.2500000,1142.2500000,2168721
20100929,00:00:00,1142.2500000,1146.7500000,1135.5000000,1138.7500000,1791547
20100930,00:00:00,1138.7500000,1153.5000000,1131.2500000,1138.7500000,2547857
20101001,00:00:00,1138.7500000,1146.5000000,1134.5000000,1142.2500000,1967644
20101003,00:00:00,1143.2500000,1144.0000000,1138.7500000,1141.2500000,32757
20101004,00:00:00,1141.2500000,1144.0000000,1127.0000000,1136.2500000,1860750
20101005,00:00:00,1136.0000000,1158.7500000,1133.5000000,1156.5000000,2020034
20101006,00:00:00,1156.2500000,1160.0000000,1151.0000000,1155.0000000,1672324
20101007,00:00:00,1154.5000000,1163.7500000,1147.2500000,1158.2500000,1909453
20101008,00:00:00,1158.0000000,1164.0000000,1145.5000000,1160.5000000,1843495
20101010,00:00:00,1161.5000000,1165.0000000,1161.5000000,1162.2500000,24269
20101011,00:00:00,1162.2500000,1165.0000000,1153.2500000,1154.2500000,1009360
20101012,00:00:00,1154.5000000,1169.2500000,1151.7500000,1166.0000000,1837838
20101013,00:00:00,1165.7500000,1181.0000000,1164.7500000,1178.0000000,2144274
20101014,00:00:00,1178.0000000,1180.7500000,1162.5000000,1173.0000000,2352630
20101015,00:00:00,1172.7500000,1180.0000000,1163.0000000,1175.0000000,2320525
20101017,00:00:00,1174.5000000,1174.7500000,1167.0000000,1169.2500000,48415
20101018,00:00:00,1169.0000000,1182.2500000,1164.7500000,1170.7500000,1516785
20101019,00:00:00,1170.7500000,1178.0000000,1155.5000000,1167.7500000,3007026
20101020,00:00:00,1167.7500000,1180.0000000,1164.0000000,1174.2500000,2231677
20101021,00:00:00,1174.5000000,1186.2500000,1167.2500000,1178.0000000,2346383
20101022,00:00:00,1178.0000000,1181.5000000,1173.2500000,1180.7500000,1153042
20101024,00:00:00,1181.0000000,1193.0000000,1180.5000000,1191.0000000,67316
20101025,00:00:00,1190.7500000,1193.0000000,1181.0000000,1183.5000000,1635923
20101026,00:00:00,1183.2500000,1186.2500000,1174.0000000,1177.0000000,1705544
20101027,00:00:00,1176.7500000,1181.5000000,1167.7500000,1180.5000000,2060269
20101028,00:00:00,1180.5000000,1187.5000000,1173.2500000,1174.7500000,2004220
20101029,00:00:00,1174.5000000,1182.5000000,1172.0000000,1179.7500000,1692138
20101031,00:00:00,1180.2500000,1189.0000000,1180.2500000,1189.0000000,62136
